model_name,scs,l3_weight_cuts,l3_output_cuts,lcus,weights,ops_per_image,macs_per_image,total_4bit_macs_per_frame,pure_ops_per_image,pure_macs_per_image,power,fps,subclusters_per_target,l3_cuts_per_target,layers_per_target,l2_cuts_per_target_normalized,l2_cuts_used_normalized,profiling_mode,layers,l3_total_cuts,net_input_throughput,gross_input_throughput,net_output_throughput,gross_output_throughput,latency,input_aligners,input_aligners_per_target,apus,apus_per_target,l4_cuts,l4_cuts_per_target,l2_weights,l2_data_usage,l2_cuts_per_target,number_of_devices,number_of_contexts,calibration,transpose,resize_input,normalization,input_conversion,nms,optimization_level,compression_level,compression_rate,hw_arch,stream_fps,optimization_goal_fps,context_switch_configs,l2_cut_size,l3_cut_size,l4_cut_size
lesion_segmentation,359,377,410,146,6610897.0,6690422784.0,3358062592.0,0.0,6690422784.0,3358062592.0,,N/A,256,512,64,128.0,179.5,post_placement,75,787,N/A,N/A,N/A,N/A,N/A,178,128,144,80,4,28,0,991232,256,3,4,64,False,False,True,False,False,0,0,N/A,hailo8l,,,,16384.0,32768.0,131072.0

context_name,csw_scs_mac_util,b8_csw_scs_mac_util, ,lcu_util,l3_util,mapping_util,active_mac_util,width_align_util,feature_align_util,balance_fps_util,mac_layers_util,effective_mac_util,scs_mac_util, ,fps,1/fps (s),drain (s),latency_util,b8_latency_util, ,context_overhead,overhead_util,b8_overhead_util,total_mac_util,b8_total_mac_util,boundary_in_bytes,boundary_out_bytes,inter_context_in_bytes,inter_context_out_bytes,ddr_portals_in_bytes,ddr_portals_out_bytes
contexts_total,0.12533566615831532,0.19050301437265202,,,,0.39186699034580014,0.7905579135212771,0.9880629421223713,0.9728864917112791,0.8573706755786689,0.8484282451785848,0.6563396895011792,0.20578846943100998,,no runtime data,no runtime data,N/A,0.6090509662900903,0.9257224901831423,,no runtime data,no runtime data,no runtime data,no runtime data,no runtime data,196608.0,65536.0,860160.0,860160.0,0.0,0.0
lesion_segmentation_context_0,0.044291110683029114,0.057697988491166884,,0.609375,0.25390625,0.19140625,0.529689944015356,1.0,0.9957188489615495,0.6839491272683188,0.8163265306122449,0.38595695633747096,0.06030577442772984,,1296.4409454943816,0.0007713425,0.0002789,0.7344422835678427,0.9567572763751154,,no runtime data,,,,,196608.0,0.0,0.0,442368.0,0.0,0.0
lesion_segmentation_context_1,0.05236379131312612,0.1491172134757872,,0.59375,0.396484375,0.359375,0.7363355772924124,1.0,0.9997114705263455,0.7771500109369252,0.9565217391304348,0.5893636280647319,0.2025937471472516,,2331.559405219196,0.0004288975,0.0012304924999999999,0.2584669667769482,0.7360405519692771,,no runtime data,,,,,0.0,0.0,49152.0,352256.0,0.0,0.0
lesion_segmentation_context_2,0.20697534764736517,0.20760679550832747,,0.4375,0.509765625,0.32421875,0.8307892680168152,1.0,0.9696969696969697,1.0,0.7951807228915663,0.8056138356526693,0.2076973170042038,,1490.6795262620465,0.000670835,2.339999999999981e-06,0.9965239350837449,0.9995641662724296,,no runtime data,,,,,0.0,0.0,352256.0,65536.0,0.0,0.0
lesion_segmentation_context_3,0.22942279345418637,0.2972313846186693,,0.609375,0.376953125,0.52734375,0.8479410146704196,0.9785068394547173,0.9643818673330427,0.8596692822881931,0.8518518518518519,0.6908319761135466,0.3103346767697573,,930.8993418541653,0.00107423,0.000378855,0.7392754037100376,0.9577768998054654,,no runtime data,,,,,0.0,65536.0,458752.0,0.0,0.0,0.0

layer_name,layer_type,input_height,input_width,output_channels,input_channels,kernel_height,kernel_width,strides_row,strides_col,predecessors,successors,weights,macs,power,fps,total cycles,theoretical cycles,scs,apus,input_aligners,of_per_sc,of_per_mac,l3_output_cuts,l2_weights_usage_ratio,groups,dilation_height,dilation_width,16x4_configuration,elementwise_feed_repeat,ew_add_enabled,defuse_mode,node_layer_input_bw,node_layer_output_bw,defuse_name,l3_weight_cuts,l4_cuts,lcus,node_layer_latency,deprecated,output_features_per_sc,mac_computation_utilization,apu_activation_utilization,subcluster_utilization,buffers_num,buffer_size,context,did_reach_fps,latency,l2_weights,ops,l2_data_usage,input_activation_bits,input_range_min,input_range_max,kernel_range_min,kernel_range_max,output_range_min,output_range_max,output_activation_bits,weights_bits,bias_bits,active_mac_util,width_align_util,feature_align_util,balance_fps_util,mac_layers_util,effective_mac_util,is_4bit_enhanced,is_smuffer_in,is_smuffer_out
normalization1,normalization,256,256,3,3,1,1,,,input_layer1,conv1,0,196608.0,,4676.89,85527,,1,1,1,8,1,1,0.0,,1,1,False,,False,,254.89065551757812,679.7084350585938,lesion_segmentation/normalization1,1,0,1,0.751965,0,3,0.3831304609775543,0.28734785318374634,0.10620443880645526,16,2048,lesion_segmentation_context_0,False,0.000753095,0,393216.0,0,8,0.0,255.0,0.017124753445386887,0.017507003620266914,-2.2382609844207764,2.640000104904175,8,8,16,0.3831304609775543,1.0,0.375,0.2772017618632449,1.0,0.039826664552420725,False,False,False
conv1,conv,256,256,32,3,3,3,2,2,normalization1,dw1,896.0,14680064.0,,1423.41,281016,110592.0,2,1,1,16,2,4,0.0,1,1,1,False,,False,,254.89065551757812,679.7084350585938,lesion_segmentation/conv1,2,0,1,0.7602175000000001,0,16,0.410282701253891,0.23321092128753662,0.37368614971806763,4,4096,lesion_segmentation_context_0,False,0.00076259,0,28311552.0,8192,8,-2.2382609844207764,2.640000104904175,-0.3002701997756958,0.32835447788238525,0.0,3.5309371948242188,8,8,16,0.410282701253891,1.0,1.0,0.9108016218476228,1.0,0.37368614971806763,False,False,False
dw1,dw,128,128,32,32,3,3,1,1,conv1,conv2,320.0,5242880,,1306.82,306087,18432,5.0,3.0,5.0,32,1,5.0,,1,1,1,False,,False,combined (SPATIAL_W),1699.2710876464844,1359.4168701171875,,2.0,0.0,3.0,0.76439,0,32,0.5565967679023742,0.3284737542271614,0.44095587521362495,12.0,8192,lesion_segmentation_context_0,False,0.0007741575,0,9437184,32768,8,0.0,3.5309371948242188,-15.505960464477539,11.19916820526123,0.0,6.0,8,8,16,0.5030162110752794,1.0,1.0,0.990208424134575,0.8,0.49809262344252436,False,False,False
conv2,conv,128,128,16,32,1,1,1,1,dw1,conv3 concat4,528.0,8650752.0,,2414.69,165653,131072.0,1,1,1,16,2,1,0.0,1,1,1,False,,False,,679.7084350585938,339.8542175292969,lesion_segmentation/conv2,1,0,1,0.758035,0,16,0.8159707188606262,0.1978110820055008,0.43809331617089464,16,2048,lesion_segmentation_context_0,False,0.000778965,0,16777216.0,256,8,0.0,6.0,-1.023557186126709,0.9142639636993408,-7.868749141693115,16.90323829650879,8,8,16,0.8159707188606262,1.0,1.0,0.536898329859952,1.0,0.43809331617089464,False,False,False
conv3,conv,128,128,96,16,1,1,1,1,conv2,dw2,1632.0,26738688.0,,1416.49,282389,196608.0,2,1,1,48,6,2,0.0,1,1,1,False,,False,,339.8542175292969,2039.125244140625,lesion_segmentation/conv3,2,0,1,0.762595,0,48,0.739745557308197,0.6962310671806335,0.6770533458959686,2,12288,lesion_segmentation_context_0,False,0.0007867575,0,50331648.0,1536,8,-7.868749141693115,16.90323829650879,-0.5219839811325073,0.7847430109977722,0.0,5.396875381469727,8,8,16,0.739745557308197,1.0,1.0,0.9152516553930323,1.0,0.6770533458959686,False,False,False
dw2,dw,128,128,96,96,3,3,2,2,conv3,conv4,960.0,3932160,,1461.17,273753,9216,10.0,10.0,10.0,96,1,24.0,,1,1,1,False,,False,combined (INPUT_FEATURES),5862.485191345215,509.7813262939453,,6.0,0.0,10.0,0.7677825,0,96,0.5548589885234831,0.3932651434093714,0.29206221500216634,318.0,17152,lesion_segmentation_context_0,False,0.0008099375,0,7077888,0,8,0.0,5.396875381469727,-6.40006685256958,5.030960559844971,0.0,4.813155174255371,8,8,16,0.29924786090850825,1.0,1.0,0.8872614953798087,0.6,0.2655111045588921,False,False,False
conv4,conv,64,64,24,96,1,1,1,1,dw2,conv5 conv6,2328.0,9535488.0,,2402.62,166485,147456.0,1,1,1,24,3,1,0.0,1,1,1,False,,False,,509.78131103515625,127.44532775878906,lesion_segmentation/conv4,1,0,1,0.759235,0,24,0.894927442073822,0.073808453977108,0.48289830779990817,170,192,lesion_segmentation_context_0,False,0.00081211,0,18874368.0,0,8,0.0,4.813155174255371,-0.7465551495552063,0.7632176280021667,-6.6857452392578125,6.229898929595947,8,8,16,0.894927442073822,1.0,1.0,0.5395949270265803,1.0,0.48289830779990817,False,True,True
conv5,conv,64,64,144,24,1,1,1,1,conv4,dw3,3600.0,14745600.0,,2489.71,160661,110592.0,2,1,2,72,9,1,0.0,1,1,1,True,,False,,127.44532775878906,764.6719970703125,lesion_segmentation/conv5,1,0,1,0.7602475,0,72,0.7170377373695374,0.4589041471481323,0.37337499205452584,3,9216,lesion_segmentation_context_0,False,0.000813955,0,28311552.0,2304,8,-6.6857452392578125,6.229898929595947,-0.34535157680511475,0.3286876082420349,0.0,4.853261947631836,8,8,16,0.7170377373695374,1.0,1.0,0.520718746860182,1.0,0.37337499205452584,False,True,False
dw3,dw,64,64,144,144,3,3,1,1,conv5,conv6,1440.0,5898240,,1750.2,228545,13824,8.0,5.0,8.0,144,1,13.0,,1,1,1,False,,False,combined (INPUT_FEATURES),1784.234619140625,764.6719665527344,,3.0,0.0,5.0,0.76398,0,144,0.6144220679998398,0.4420947387814522,0.3400629528987964,67.0,13440,lesion_segmentation_context_0,False,0.000845335,0,10616832,36864,8,0.0,4.853261947631836,-7.165837287902832,4.754451751708984,0.0,5.094908714294434,8,8,16,0.5045833587646484,1.0,1.0,0.7407377397200336,0.75,0.3737639366716685,False,False,False
conv6,conv,64|64,64|64,24,144|24,1,1,1,1,dw3 conv4,conv7 concat3,3480.0,14254080.0,,1476.03,270997,221184.0,1,1,1,24,3,2,0.0,1,1,1,False,,True,,764.6719970703125,127.44532775878906,lesion_segmentation/conv6,1,0,1,0.760665,0,24,0.9578851461410522,0.04534367471933365,0.8413383190631489,42,1536,lesion_segmentation_context_0,False,0.000847645,0,28311552.0,384,8,N/A,N/A,-0.8706780076026917,1.222295880317688,-9.632197380065918,18.27928352355957,8,8,16,0.9578851461410522,1.0,1.0,0.8783290172653524,1.0,0.8413383190631489,False,True,False
conv7,conv,64,64,144,24,1,1,1,1,conv6,dw4,3600.0,14745600.0,,1441.98,277397,221184.0,1,1,1,144,9,2,0.0,1,1,1,False,,False,,127.44532775878906,764.6719970703125,lesion_segmentation/conv7,1,0,1,0.761165,0,144,0.8305785655975342,0.2657851278781891,0.7467499922571984,2,9216,lesion_segmentation_context_0,False,0.0008587275,0,28311552.0,1152,8,-9.632197380065918,18.27928352355957,-0.4296647012233734,0.25142529606819153,0.0,3.175034999847412,8,8,16,0.8305785655975342,1.0,1.0,0.8990720723932625,1.0,0.7467499922571984,False,False,False
dw4,dw,64,64,144,144,3,3,2,2,conv7,conv8,1440.0,1474560,,1296.44,308537,10368,4.0,4.0,4.0,144,1,7.0,,1,1,1,False,,False,combined (INPUT_FEATURES),1624.927993774414,191.16799926757812,,2.0,0.0,4.0,0.7864150000000001,0,144,0.6208486407995224,0.4864336382597685,0.2240250025402283,46.0,10368,lesion_segmentation_context_0,False,0.0009015375,0,2654208,0,8,0.0,3.175034999847412,-4.00151252746582,5.014409065246582,0.0,3.5932343006134033,8,8,16,0.2987000048160553,1.0,1.0,1.0,0.5,0.2987000048160553,False,False,False
conv8,conv,32,32,32,144,1,1,1,1,dw4,conv9 conv10,4640.0,4751360.0,,5100.67,78421,73728.0,1,1,1,32,4,1,0.0,1,1,1,False,,False,,191.16799926757812,42.48177719116211,lesion_segmentation/conv8,1,0,1,0.7600075,0,32,0.9466851949691772,0.05223090574145317,0.24061943842935482,32,1024,lesion_segmentation_context_0,False,0.0009042525,0,9437184.0,512,8,0.0,3.5932343006134033,-0.7317620515823364,0.8616005182266235,-6.426383018493652,4.721424579620361,8,8,16,0.9466851949691772,1.0,1.0,0.2541704884665372,1.0,0.24061943842935482,False,True,False
conv9,conv,32,32,192,32,1,1,1,1,conv8,dw5,6336.0,6488064.0,,3394.29,117845,98304.0,1,1,1,192,8,1,0.0,1,1,1,False,,False,,42.48177719116211,254.89065551757812,lesion_segmentation/conv9,1,0,1,0.7630875,0,192,0.8602486252784729,0.20854511857032776,0.32856999078211574,5,6144,lesion_segmentation_context_0,False,0.000913455,0,12582912.0,1024,8,-6.426383018493652,4.721424579620361,-0.16945204138755798,0.17359128594398499,0.0,5.478382587432861,8,8,16,0.8602486252784729,1.0,1.0,0.3819477080544635,1.0,0.32856999078211574,False,False,False
dw5,dw,32,32,192,192,3,3,1,1,conv9,conv10,1920.0,1966080,,1745.33,229183,13824,2,1,2,96,1,1,0.0,1,1,1,True,,False,,254.89065551757812,254.89065551757812,lesion_segmentation/dw5,1,0,1,0.77574,0,96,0.5037022829055786,0.10723308473825455,0.37415285785221614,5,6144,lesion_segmentation_context_0,False,0.00093531,0,3538944,24576,8,0.0,5.478382587432861,-7.276922225952148,4.979219913482666,0.0,5.652298927307129,8,8,16,0.5037022829055786,1.0,1.0,0.7428055630280971,1.0,0.37415285785221614,False,False,False
conv10,conv,32|32,32|32,32,192|32,1,1,1,1,dw5 conv8,conv11 conv12,6176.0,6324224.0,,3597.48,111189,98304.0,1,1,1,32,4,1,0.0,1,1,1,False,,True,,254.89065551757812,42.48177719116211,lesion_segmentation/conv10,1,0,1,0.743795,0,32,0.9623973369598389,0.03683817759156227,0.3468238736333974,32,1024,lesion_segmentation_context_0,False,0.0009485675,0,12582912.0,512,8,0.0,5.652298927307129,-0.9124489426612854,0.9268959760665894,-6.7328901290893555,6.576311111450195,8,8,16,0.9623973369598389,1.0,1.0,0.360374930721437,1.0,0.3468238736333974,False,False,False
conv11,conv,32,32,192,32,1,1,1,1,conv10,dw6,6336.0,6488064.0,,3394.29,117845,98304.0,1,1,1,192,8,1,0.0,1,1,1,False,,False,,42.48177719116211,254.89065551757812,lesion_segmentation/conv11,1,0,1,0.744835,0,192,0.8602486252784729,0.20854511857032776,0.32856999078211574,5,6144,lesion_segmentation_context_0,False,0.00095829,0,12582912.0,1024,8,-6.7328901290893555,6.576311111450195,-0.13735432922840118,0.155129536986351,0.0,3.1777281761169434,8,8,16,0.8602486252784729,1.0,1.0,0.3819477080544635,1.0,0.32856999078211574,False,False,False
dw6,dw,32,32,192,192,3,3,1,1,conv11,conv12,1920.0,1966080,,1745.33,229183,13824,2,1,2,96,1,1,0.0,1,1,1,True,,False,,254.89065551757812,254.89065551757812,lesion_segmentation/dw6,1,0,1,0.76603,0,96,0.5037022829055786,0.10723308473825455,0.37415285785221614,5,6144,lesion_segmentation_context_0,False,0.0009886875,0,3538944,24576,8,0.0,3.1777281761169434,-5.836677551269531,5.8726325035095215,0.0,4.931387424468994,8,8,16,0.5037022829055786,1.0,1.0,0.7428055630280971,1.0,0.37415285785221614,False,False,False
conv12,conv,32|32,32|32,32,192|32,1,1,1,1,dw6 conv10,conv13 concat2,6176.0,6324224.0,,3597.48,111189,98304.0,1,1,1,32,4,2,0.0,1,1,1,False,,True,,254.89065551757812,42.48177719116211,lesion_segmentation/conv12,1,0,1,0.7373275,0,32,0.9623973369598389,0.03683817759156227,0.3468238736333974,64,1024,lesion_segmentation_context_0,False,0.001001945,0,12582912.0,512,8,N/A,N/A,-1.2138919830322266,1.1273257732391357,-7.855989456176758,15.437932968139648,8,8,16,0.9623973369598389,1.0,1.0,0.360374930721437,1.0,0.3468238736333974,False,False,False
conv13,conv,32,32,192,32,1,1,1,1,conv12,dw7,6336.0,6488064.0,,3394.29,117845,98304.0,1,1,1,192,8,1,0.0,1,1,1,False,,False,,42.48177719116211,254.89065551757812,lesion_segmentation/conv13,1,0,1,0.7383675000000001,0,192,0.8602486252784729,0.20854511857032776,0.32856999078211574,5,6144,lesion_segmentation_context_0,False,0.0010116675,0,12582912.0,1024,8,-7.855989456176758,15.437932968139648,-0.2015257328748703,0.18551231920719147,0.0,3.7355847358703613,8,8,16,0.8602486252784729,1.0,1.0,0.3819477080544635,1.0,0.32856999078211574,False,False,False
dw7,dw,32,32,192,192,3,3,2,2,conv13,conv14,1920.0,491520,,1924.47,207849,6912,1,1,1,192,1,1,0.0,1,1,1,False,,False,,254.89065551757812,63.72266387939453,lesion_segmentation/dw7,1,0,1,0.7677400000000001,0,192,0.29559922218322754,0.029559921473264694,0.19913333808120798,10,3072,lesion_segmentation_context_0,False,0.0010502425,0,884736,0,8,0.0,3.7355847358703613,-1.9089266061782837,3.1208975315093994,0.0,4.136779308319092,8,8,16,0.29559922218322754,1.0,1.0,0.6736598852001543,1.0,0.19913333808120798,False,False,False
conv14,conv,16,16,64,192,1,1,1,1,dw7,conv15 conv16,12352.0,3162112.0,,7712.92,51861,49152.0,1,1,1,64,8,2,0.0,1,1,1,False,,False,,114.60079956054688,38.20026779174805,lesion_segmentation/conv14,1,0,1,0.39107250000000005,0,64,0.9527004957199097,0.03949017450213432,0.28799422011395637,64,1024,lesion_segmentation_context_1,False,0.000393035,0,6291456.0,1024,8,0.0,4.136779308319092,-0.5053871273994446,0.7015441060066223,-4.147468090057373,3.461196184158325,8,8,16,0.9527004957199097,1.0,1.0,0.3022925057851818,1.0,0.28799422011395637,False,False,False
conv15,conv,16,16,384,64,1,1,1,1,conv14,dw8,24960.0,6389760.0,,3701.89,108053,98304.0,1,1,1,384,8,1,0.0,1,1,1,False,,False,,38.20026779174805,229.20159912109375,lesion_segmentation/conv15,1,0,1,0.40429000000000004,0,384,0.9239910244941711,0.11372196674346924,0.5819572401894898,5,6144,lesion_segmentation_context_1,False,0.00041435,0,12582912.0,1024,8,-4.147468090057373,3.461196184158325,-0.15680712461471558,0.13912461698055267,0.0,4.510175704956055,8,8,16,0.9239910244941711,1.0,1.0,0.6298299710303744,1.0,0.5819572401894898,False,False,False
dw8,dw,16,16,384,384,3,3,1,1,conv15,conv16,3840.0,983040,,2331.56,171559,1728,8,1,1,48,1,2,0.0,1,1,1,False,,False,,229.20159912109375,229.20159912109375,lesion_segmentation/dw8,8,0,1,0.42819,0,48,0.6483367085456848,0.07162550836801529,0.6483367085456848,2,6144,lesion_segmentation_context_1,False,0.0004551275,0,1769472,24576,8,0.0,4.510175704956055,-4.164525985717773,6.433706760406494,0.0,3.283308506011963,8,8,16,0.6483367085456848,1.0,1.0,1.0,1.0,0.6483367085456848,False,False,False
conv16,conv,16|16,16|16,64,384|64,1,1,1,1,dw8 conv14,conv17 conv18,24640.0,6307840.0,,3732.84,107157,98304.0,1,1,1,64,8,1,0.0,1,1,1,False,,True,,229.20159912109375,38.20026779174805,lesion_segmentation/conv16,1,0,1,0.40743,0,64,0.977108359336853,0.01911214366555214,0.6103089925999753,32,1024,lesion_segmentation_context_1,False,0.000485725,0,12582912.0,1024,8,0.0,3.283308506011963,-0.573961079120636,0.6805820465087891,-4.585169315338135,4.012022972106934,8,8,16,0.977108359336853,1.0,1.0,0.6246072779626834,1.0,0.6103089925999753,False,False,False
conv17,conv,16,16,384,64,1,1,1,1,conv16,dw9,24960.0,6389760.0,,3701.89,108053,98304.0,1,1,1,384,8,1,0.0,1,1,1,False,,False,,38.20026779174805,229.20159912109375,lesion_segmentation/conv17,1,0,1,0.40770999999999996,0,384,0.9239910244941711,0.11372196674346924,0.5819572401894898,5,6144,lesion_segmentation_context_1,False,0.0005027425,0,12582912.0,1024,8,-4.585169315338135,4.012022972106934,-0.1281088888645172,0.12282316386699677,0.0,5.03929328918457,8,8,16,0.9239910244941711,1.0,1.0,0.6298299710303744,1.0,0.5819572401894898,False,False,False
dw9,dw,16,16,384,384,3,3,1,1,conv17,conv18,3840.0,983040,,2331.56,171559,1728,8,1,1,48,1,2,0.0,1,1,1,False,,False,,229.20159912109375,229.20159912109375,lesion_segmentation/dw9,8,0,1,0.430255,0,48,0.6483367085456848,0.07162550836801529,0.6483367085456848,2,6144,lesion_segmentation_context_1,False,0.000542165,0,1769472,24576,8,0.0,5.03929328918457,-4.631239891052246,7.789307117462158,0.0,3.1523354053497314,8,8,16,0.6483367085456848,1.0,1.0,1.0,1.0,0.6483367085456848,False,False,False
conv18,conv,16|16,16|16,64,384|64,1,1,1,1,dw9 conv16,conv19 conv20,24640.0,6307840.0,,3662.84,109205,98304.0,1,1,1,64,8,2,0.0,1,1,1,False,,True,,229.20159912109375,38.20026779174805,lesion_segmentation/conv18,1,0,1,0.40807,0,64,0.9775376319885254,0.018753720447421074,0.6222465571687111,64,1024,lesion_segmentation_context_1,False,0.0005734025,0,12582912.0,1024,8,0.0,3.1523354053497314,-0.514815628528595,0.4895477294921875,-4.747566223144531,5.015573978424072,8,8,16,0.9775376319885254,1.0,1.0,0.6365448621174057,1.0,0.6222465571687111,False,False,False
conv19,conv,16,16,384,64,1,1,1,1,conv18,dw10,24960.0,6389760.0,,3701.89,108053,98304.0,1,1,1,384,8,1,0.0,1,1,1,False,,False,,38.20026779174805,229.20159912109375,lesion_segmentation/conv19,1,0,1,0.40789,0,384,0.9239910244941711,0.11372196674346924,0.5819572401894898,5,6144,lesion_segmentation_context_1,False,0.00059028,0,12582912.0,1024,8,-4.747566223144531,5.015573978424072,-0.11600205302238464,0.1249835193157196,0.0,4.404435157775879,8,8,16,0.9239910244941711,1.0,1.0,0.6298299710303744,1.0,0.5819572401894898,False,False,False
dw10,dw,16,16,384,384,3,3,1,1,conv19,conv20,3840.0,983040,,2331.56,171559,1728,8,1,1,48,1,3,0.0,1,1,1,False,,False,,229.20159912109375,229.20159912109375,lesion_segmentation/dw10,8,0,1,0.430255,0,48,0.6483367085456848,0.07162550836801529,0.6483367085456848,3,6144,lesion_segmentation_context_1,False,0.0006295225,0,1769472,24576,8,0.0,4.404435157775879,-6.131687641143799,12.855339050292969,0.0,6.0,8,8,16,0.6483367085456848,1.0,1.0,1.0,1.0,0.6483367085456848,False,False,False
conv20,conv,16|16,16|16,64,384|64,1,1,1,1,dw10 conv18,conv21,24640.0,6307840.0,,3728.39,107285,98304.0,1,1,1,64,8,1,0.0,1,1,1,False,,True,,229.20159912109375,38.20026779174805,lesion_segmentation/conv20,1,0,1,0.4074875,0,64,0.9759426116943359,0.019089341163635254,0.6103090079542713,64,512,lesion_segmentation_context_1,False,0.0006601775,0,12582912.0,0,8,0.0,6.0,-0.6609532833099365,0.48035407066345215,-7.460928440093994,5.84352445602417,8,8,16,0.9759426116943359,1.0,1.0,0.6253533769723536,1.0,0.6103090079542713,False,False,True
conv21,conv,16,16,384,64,1,1,1,1,conv20,dw11,24960.0,6389760.0,,3702.98,108021,98304.0,1,1,1,384,8,1,0.0,1,1,1,False,,False,,38.20026779174805,229.20159912109375,lesion_segmentation/conv21,1,0,1,0.40773,0,384,0.9242647290229797,0.11375565826892853,0.5819572292551909,5,6144,lesion_segmentation_context_1,False,0.00066882,0,12582912.0,1024,8,-7.460928440093994,5.84352445602417,-0.12190396338701248,0.12436926364898682,0.0,3.1213207244873047,8,8,16,0.9242647290229797,1.0,1.0,0.6296434462779569,1.0,0.5819572292551909,False,True,False
dw11,dw,16,16,384,384,3,3,1,1,conv21,conv22,3840.0,983040,,2331.56,171559,1728,8,1,1,48,1,2,0.0,1,1,1,False,,False,,229.20159912109375,229.20159912109375,lesion_segmentation/dw11,8,0,1,0.430255,0,48,0.6483367085456848,0.07162550836801529,0.6483367085456848,2,6144,lesion_segmentation_context_1,False,0.0007082475,0,1769472,24576,8,0.0,3.1213207244873047,-5.700066566467285,17.111988067626953,0.0,3.159088134765625,8,8,16,0.6483367085456848,1.0,1.0,1.0,1.0,0.6483367085456848,False,False,False
conv22,conv,16,16,96,384,1,1,1,1,dw11,conv23 conv24,36960.0,9461760.0,,2654.69,150677,147456.0,1,1,1,96,6,2,0.0,1,1,1,False,,False,,229.20159912109375,57.30039978027344,lesion_segmentation/conv22,2,0,1,0.42103,0,96,0.9811716675758362,0.020387982949614525,0.8617443757268594,42,1536,lesion_segmentation_context_1,False,0.000752445,0,18874368.0,768,8,0.0,3.159088134765625,-0.3668205142021179,0.5179504752159119,-3.644333839416504,3.559581756591797,8,8,16,0.9811716675758362,1.0,1.0,0.8782809412505319,1.0,0.8617443757268594,False,False,False
conv23,conv,16,16,576,96,1,1,1,1,conv22,dw12,55872.0,14303232.0,,3348.82,119445,110592.0,2,1,1,288,9,1,0.0,1,1,1,False,,False,,57.30039978027344,343.8023986816406,lesion_segmentation/conv23,2,0,1,0.41615,0,288,0.9355267882347107,0.15431369841098785,0.6513444192417478,3,9216,lesion_segmentation_context_1,False,0.0007711025,0,28311552.0,2304,8,-3.644333839416504,3.559581756591797,-0.14634069800376892,0.1566113382577896,0.0,3.6825342178344727,8,8,16,0.9355267882347107,1.0,1.0,0.6962327828910171,1.0,0.6513444192417478,False,False,False
dw12,dw,16,16,576,576,3,3,1,1,conv23,conv24,5760.0,1474560,,2966.32,134847,3456,7.0,3.0,3.0,576,1,3.0,,1,1,1,False,,False,combined (SPATIAL_W),859.5059967041016,687.6047973632812,,6.0,0.0,3.0,0.42114,0,576,0.5826177043574198,0.1558726380268733,0.43610818301309573,17.0,18432,lesion_segmentation_context_1,False,0.0008094175,0,2654208,73728,8,0.0,3.6825342178344727,-11.224688529968262,11.714422225952148,0.0,4.644163131713867,8,8,16,0.6245670594648358,1.0,1.0,0.7859628438350915,0.8571428571428571,0.4908865039501222,False,False,False
conv24,conv,16|16,16|16,96,576|96,1,1,1,1,dw12 conv22,conv25 conv26,55392.0,14180352.0,,3257.20,122805,110592.0,2,1,1,48,6,2,0.0,1,1,1,False,,True,,343.8023986816406,57.30039978027344,lesion_segmentation/conv24,2,0,1,0.4091475,0,48,0.9771589040756226,0.025015268474817276,0.6994678169901133,42,1536,lesion_segmentation_context_1,False,0.000839085,0,28311552.0,1536,8,N/A,N/A,-0.4291050434112549,0.4008927643299103,-5.220655918121338,4.864702224731445,8,8,16,0.9771589040756226,1.0,1.0,0.7158178818948584,1.0,0.6994678169901133,False,False,False
conv25,conv,16,16,576,96,1,1,1,1,conv24,dw13,55872.0,14303232.0,,3348.82,119445,110592.0,2,1,1,288,9,1,0.0,1,1,1,False,,False,,57.30039978027344,343.8023986816406,lesion_segmentation/conv25,2,0,1,0.4086225,0,288,0.9355267882347107,0.15431369841098785,0.6513444192417478,3,9216,lesion_segmentation_context_1,False,0.0008577425,0,28311552.0,2304,8,-5.220655918121338,4.864702224731445,-0.12611456215381622,0.1682606190443039,0.0,4.9958953857421875,8,8,16,0.9355267882347107,1.0,1.0,0.6962327828910171,1.0,0.6513444192417478,False,False,False
dw13,dw,16,16,576,576,3,3,1,1,conv25,conv26,5760.0,1474560,,2966.32,134847,3456,7.0,3.0,3.0,576,1,3.0,,1,1,1,False,,False,combined (SPATIAL_W),859.5059967041016,687.6047973632812,,6.0,0.0,3.0,0.4153475,0,576,0.5826177043574198,0.1558726380268733,0.43610818301309573,17.0,18432,lesion_segmentation_context_1,False,0.0008977925,0,2654208,73728,8,0.0,4.9958953857421875,-10.65980339050293,13.968462944030762,0.0,6.0,8,8,16,0.6245670594648358,1.0,1.0,0.7859628438350915,0.8571428571428571,0.4908865039501222,False,False,False
conv26,conv,16|16,16|16,96,576|96,1,1,1,1,dw13 conv24,conv27 concat1,55392.0,14180352.0,,3298.02,121285,110592.0,2,1,1,48,6,3,0.0,1,1,1,False,,True,,343.8023986816406,57.30039978027344,lesion_segmentation/conv26,2,0,1,0.4028775,0,48,0.9640763401985168,0.02532877027988434,0.6815614390441604,63,1536,lesion_segmentation_context_1,False,0.0009269825,0,28311552.0,1536,8,N/A,N/A,-1.0231192111968994,0.622164249420166,-6.9119977951049805,15.398880958557129,8,8,16,0.9640763401985168,1.0,1.0,0.7069579561550254,1.0,0.6815614390441604,False,False,False
conv27,conv,16,16,576,96,1,1,1,1,conv26,dw14,55872.0,14303232.0,,3348.82,119445,110592.0,2,1,1,288,9,2,0.0,1,1,1,False,,False,,57.30039978027344,343.8023986816406,lesion_segmentation/conv27,2,0,1,0.4025925,0,288,0.9355267882347107,0.15431369841098785,0.6513444192417478,7,9216,lesion_segmentation_context_1,False,0.00094564,0,28311552.0,2304,8,-6.9119977951049805,15.398880958557129,-0.16200383007526398,0.1334662288427353,0.0,3.474769115447998,8,8,16,0.9355267882347107,1.0,1.0,0.6962327828910171,1.0,0.6513444192417478,False,False,False
dw14,dw,16,16,576,576,3,3,2,2,conv27,conv28,5760.0,368640,,2441.39,163841,5184,1,1,1,576,1,1,0.0,1,1,1,False,,False,,343.8023986816406,85.95059967041016,lesion_segmentation/dw14,1,0,1,0.450075,0,576,0.2812482714653015,0.02812482789158821,0.26859563208660847,7,4608,lesion_segmentation_context_1,False,0.00101178,0,663552,0,8,0.0,3.474769115447998,-3.5075483322143555,10.587393760681152,0.0,6.0,8,8,16,0.2812482714653015,1.0,1.0,0.9550125612762956,1.0,0.26859563208660847,False,False,False
conv28,conv,8,8,160,576,1,1,1,1,dw14,conv29 conv30,92320.0,5908480.0,,4275.83,93549,92160.0,1,1,1,160,5,2,0.0,1,1,1,False,,False,,85.95059967041016,23.875167846679688,lesion_segmentation/conv28,3,0,1,0.40770999999999996,0,160,0.9868624806404114,0.013682669028639793,0.5381239002409075,50,1280,lesion_segmentation_context_1,False,0.001041005,0,11796480.0,640,8,0.0,6.0,-0.26246312260627747,0.2015068531036377,-10.03570556640625,7.492410182952881,8,8,16,0.9868624806404114,1.0,1.0,0.5452876269971264,1.0,0.5381239002409075,False,False,False
conv29,conv,8,8,960,160,1,1,1,1,conv28,dw15,154560.0,9891840.0,,2507.32,159533,153600.0,1,1,1,960,8,1,0.0,1,1,1,False,,False,,23.875167846679688,143.25100708007812,lesion_segmentation/conv29,5,0,1,0.42833,0,960,0.9688277840614319,0.0481405109167099,0.9009145709328711,4,7680,lesion_segmentation_context_1,False,0.00109085,0,19660800.0,1024,8,-10.03570556640625,7.492410182952881,-0.25504744052886963,0.22257590293884277,0.0,3.357346534729004,8,8,16,0.9688277840614319,1.0,1.0,0.9299016664820849,1.0,0.9009145709328711,False,False,False
dw15,dw,8,8,960,960,3,3,1,1,conv29,conv30,9600.0,614400,,3537.60,113071,2880,3,1,1,320,1,1,0.0,1,1,1,False,,False,,143.25100708007812,143.25100708007812,lesion_segmentation/dw15,3,0,1,0.41785249999999996,0,320,0.6215563416481018,0.06792192161083221,0.4096549706310513,4,7680,lesion_segmentation_context_1,False,0.0011302175,0,1105920,30720,8,0.0,3.357346534729004,-7.351090908050537,15.72287368774414,0.0,6.0,8,8,16,0.6215563416481018,1.0,1.0,0.6590793837688492,1.0,0.4096549706310513,False,False,False
conv30,conv,8|8,8|8,160,960|160,1,1,1,1,dw15 conv28,conv31 conv32,153760.0,9840640.0,,2498.30,160109,153600.0,1,1,1,160,5,1,0.0,1,1,1,False,,True,,143.25100708007812,23.875167846679688,lesion_segmentation/conv30,5,0,1,0.417915,0,160,0.9923239946365356,0.007994554005563259,0.9260954100761901,25,1280,lesion_segmentation_context_1,False,0.00122574,0,19660800.0,640,8,N/A,N/A,-0.2612297534942627,0.25248581171035767,-12.569188117980957,18.548704147338867,8,8,16,0.9923239946365356,1.0,1.0,0.9332591120256006,1.0,0.9260954100761901,False,False,False
conv31,conv,8,8,960,160,1,1,1,1,conv30,dw16,154560.0,9891840.0,,2507.32,159533,153600.0,1,1,1,960,8,1,0.0,1,1,1,False,,False,,23.875167846679688,143.25100708007812,lesion_segmentation/conv31,5,0,1,0.417735,0,960,0.9688277840614319,0.0481405109167099,0.9009145709328711,4,7680,lesion_segmentation_context_1,False,0.001275585,0,19660800.0,1024,8,-12.569188117980957,18.548704147338867,-0.11196784675121307,0.15070927143096924,0.0,3.967639684677124,8,8,16,0.9688277840614319,1.0,1.0,0.9299016664820849,1.0,0.9009145709328711,False,False,False
dw16,dw,8,8,960,960,3,3,1,1,conv31,conv32,9600.0,614400,,3537.60,113071,2880,3,1,1,320,1,1,0.0,1,1,1,False,,False,,143.25100708007812,143.25100708007812,lesion_segmentation/dw16,3,0,1,0.4072575,0,320,0.6215563416481018,0.06792192161083221,0.4096549706310513,4,7680,lesion_segmentation_context_1,False,0.0013149525,0,1105920,30720,8,0.0,3.967639684677124,-6.1808271408081055,8.865077018737793,0.0,6.0,8,8,16,0.6215563416481018,1.0,1.0,0.6590793837688492,1.0,0.4096549706310513,False,False,False
conv32,conv,8|8,8|8,160,960|160,1,1,1,1,dw16 conv30,conv33,153760.0,9840640.0,,2491.95,160517,153600.0,1,1,1,160,5,1,0.0,1,1,1,False,,True,,143.25100708007812,23.875167846679688,lesion_segmentation/conv32,5,0,1,0.4149175,0,160,0.9898017048835754,0.007974233478307724,0.926095397284881,25,1280,lesion_segmentation_context_1,False,0.001410875,0,19660800.0,0,8,0.0,6.0,-0.5370752811431885,0.4155155122280121,-27.118330001831055,38.74047088623047,8,8,16,0.9898017048835754,1.0,1.0,0.9356373026189242,1.0,0.926095397284881,False,False,True
conv33,conv,8,8,960,160,1,1,1,1,conv32,dw17,154560.0,9891840.0,,2507.70,159509,153600.0,1,1,1,960,8,1,0.0,1,1,1,False,,False,,23.875167846679688,143.25100708007812,lesion_segmentation/conv33,5,0,1,0.414585,0,960,0.9689735174179077,0.04814775288105011,0.9009145354648432,4,7680,lesion_segmentation_context_1,False,0.0014607125,0,19660800.0,1024,8,-27.118330001831055,38.74047088623047,-0.14878065884113312,0.1782577782869339,0.0,3.3730428218841553,8,8,16,0.9689735174179077,1.0,1.0,0.9297617729177717,1.0,0.9009145354648432,False,True,False
dw17,dw,8,8,960,960,3,3,1,1,conv33,conv34,9600.0,614400,,3537.60,113071,2880,3,1,1,320,1,1,0.0,1,1,1,False,,False,,143.25100708007812,143.25100708007812,lesion_segmentation/dw17,3,0,1,0.404115,0,320,0.6215563416481018,0.06792192161083221,0.4096549706310513,4,7680,lesion_segmentation_context_1,False,0.00150008,0,1105920,30720,8,0.0,3.3730428218841553,-4.34161901473999,5.82959508895874,0.0,6.0,8,8,16,0.6215563416481018,1.0,1.0,0.6590793837688492,1.0,0.4096549706310513,False,False,False
conv34,conv,8,8,320,960,1,1,1,1,dw17,conv35,307520.0,19681280.0,,2553.02,156677,153600.0,2,1,1,160,5,1,0.0,1,1,1,False,,False,,143.25100708007812,47.750335693359375,lesion_segmentation/conv34,10,0,1,0.40924750000000004,0,160,0.9813820719718933,0.016339348629117012,0.8962514288981653,12,2560,lesion_segmentation_context_1,False,0.001593475,0,39321600.0,0,8,0.0,6.0,-0.14978939294815063,0.14514528214931488,-2.236703872680664,3.0937585830688477,8,8,16,0.9813820719718933,1.0,1.0,0.9132543323288199,1.0,0.8962514288981653,False,False,True
conv35,conv,8,8,1280,320,1,1,1,1,conv34,resize1,410880.0,26296320.0,,6546.54,61101,58515.0,7,1,1,184,1,1,0.0,1,1,1,False,,False,,47.750335693359375,192.19509887695312,lesion_segmentation/conv35,14,0,1,0.3793625,0,183,0.9666617512702942,0.16863881051540375,0.3442780598182914,3,10304,lesion_segmentation_context_1,False,0.00161256,0,52428800.0,896,8,-2.236703872680664,3.0937585830688477,-0.9282106161117554,0.6877985596656799,-2.6931819915771484,6.0,8,8,16,0.9666617512702942,1.0,0.9937888198757764,0.35615152804574524,1.0,0.34213968677594175,False,True,False
resize1,resize,8,8,1280,1280,,,,,conv35,concat1,0,0,,3249.63,123091,,1,1,1,1280,0,2,1,,,,False,,False,,191.0013427734375,0.0,lesion_segmentation/resize1,0,0,1,0.39873000000000003,0,1280,0.3327619433403015,0.3327619433403015,0.23875168523773777,2,20480,lesion_segmentation_context_1,False,0.0016510125,0,0,0,8,-2.6931819915771484,6.0,N/A,N/A,-2.6931819915771484,6.0,8,8,8,0.3327619433403015,1.0,1.0,0.7174849468695901,0.0,0.23875168523773777,False,False,False
concat1,concat,16|16,16|16,1376,1280|96,,,,,resize1 conv26,conv36,0,0,,9021.40,44339,,1,1,1,1376,0,1,1,,,,False,,False,,764.00537109375,0.0,lesion_segmentation/concat1,0,0,1,0.38788,0,1376,0.9930760860443115,0.9930760860443115,0.2566580627021534,1,22016,lesion_segmentation_context_1,False,0.00165939,0,0,0,8,-2.6931819915771484,6.0,N/A,N/A,-6.9119977951049805,15.398880958557129,8,8,8,0.9930760860443115,1.0,1.0,0.2584475311700348,0.0,0.2566580627021534,False,False,False
conv36,conv,16,16,256,1376,3,3,1,1,concat1,conv37,3170560.0,811663360,,1490.68,268334,198144,83.0,28.0,39.0,1376,1,83.0,,1,1,1,False,,False,combined (),10173.446966171265,100.7460880279541,,132.0,0.0,28.0,0.639825,0,1376,0.8431497259312366,0.5421720969523967,0.6776824211266993,671.0,99120,lesion_segmentation_context_2,False,0.000673175,0,1623195648,16896,8,-6.9119977951049805,15.398880958557129,-0.03617020323872566,0.038602977991104126,0.0,29.07010269165039,8,8,16,0.8307892680168152,1.0,0.9696969696969697,1.0,0.7951807228915663,0.8056138356526693,False,False,False
conv37,conv,16,16,256,256,3,3,1,1,conv36,resize2,590080.0,151060480.0,,1066.67,375000,337043.0,7,1,1,40,1,1,0.0,1,1,1,False,,False,,61.00741958618164,66.72686767578125,lesion_segmentation/conv37,21,0,1,0.9751475,0,37,0.9836000204086304,0.023893333971500397,0.858405573418254,7,4480,lesion_segmentation_context_3,False,0.00097775,0,301989888.0,26880,8,0.0,29.07010269165039,-0.039361726492643356,0.04915131628513336,-4.65494966506958,9.147517204284668,8,8,16,0.9836000204086304,1.0,0.9142857142857143,0.8727181329882799,1.0,0.7848279528395464,False,False,False
resize2,resize,16,16,256,256,,,,,conv37,concat2,0,0,,4419.16,90515,,1,1,1,256,0,1,1,,,,False,,False,,61.00741958618164,0.0,lesion_segmentation/resize2,0,0,1,0.88218,0,256,0.36201733350753784,0.36201733350753784,0.07625927162347633,4,8192,lesion_segmentation_context_3,False,0.0010040425,0,0,0,8,-4.65494966506958,9.147517204284668,N/A,N/A,-4.65494966506958,9.147517204284668,8,8,8,0.36201733350753784,1.0,1.0,0.21065088481982444,0.0,0.07625927162347633,False,False,False
concat2,concat,32|32,32|32,288,256|32,,,,,resize2 conv12,conv38,0,0,,10188.75,39259,,1,1,1,288,0,1,1,,,,False,,False,,244.02967834472656,0.0,lesion_segmentation/concat2,0,0,1,0.88303,0,288,0.9389948844909668,0.9389948844909668,0.08579168374144938,14,2304,lesion_segmentation_context_3,False,0.00101196,0,0,0,8,N/A,N/A,N/A,N/A,-7.855989456176758,15.437932968139648,8,8,8,0.9389948844909668,1.0,1.0,0.0913654431546317,0.0,0.08579168374144938,False,False,True
conv38,conv,32,32,128,288,3,3,1,1,concat2,conv39,331904.0,339869696,,1097.85,364347,331776,17.0,3.0,3.0,128,1,3.0,,1,1,1,False,,False,combined (NORMAL),610.0741920471191,122.01483917236328,,16.0,0.0,3.0,0.9886999999999999,0,128,0.9631791816038244,0.31098055591185886,0.774657206139709,160.0,2048,lesion_segmentation_context_3,False,0.00111875,0,679477248,16384,8,-7.855989456176758,15.437932968139648,-0.16329780220985413,0.11377463489770889,0.0,16.952037811279297,8,8,16,0.9678795337677002,1.0,1.0,0.8479259562663489,0.9411764705882353,0.8206901792206052,False,True,True
conv39,conv,32,32,128,128,3,3,1,1,conv38,resize3,147584.0,151126016.0,,1304.83,306553,294912.0,8,1,1,16,2,1,0.0,1,1,1,False,,False,,122.01483917236328,122.01483917236328,lesion_segmentation/conv39,8,0,1,0.9688225,0,16,0.9629917144775391,0.05344589799642563,0.6870223300602131,8,4096,lesion_segmentation_context_3,False,0.0011325525,0,301989888.0,24576,8,0.0,16.952037811279297,-0.15438838303089142,0.147783562541008,-5.16060209274292,9.793415069580078,8,8,16,0.9629917144775391,1.0,1.0,0.7134249648585499,1.0,0.6870223300602131,False,True,False
resize3,resize,32,32,128,128,,,,,conv39,concat3,0,0,,2314.56,172819,,1,1,1,128,0,1,1,,,,False,,False,,122.01483917236328,0.0,lesion_segmentation/resize3,0,0,1,0.927095,0,128,0.37921756505966187,0.37921756505966187,0.15251854904453818,4,8192,lesion_segmentation_context_3,False,0.001157855,0,0,0,8,-5.16060209274292,9.793415069580078,N/A,N/A,-5.16060209274292,9.793415069580078,8,8,8,0.37921756505966187,1.0,1.0,0.4021927333997375,0.0,0.15251854904453818,False,False,False
concat3,concat,64|64,64|64,152,128|24,,,,,resize3 conv6,conv40,0,0,,5063.61,78995,,1,1,1,152,0,1,1,,,,False,,False,,488.0593566894531,0.0,lesion_segmentation/concat3,0,0,1,0.9238850000000001,0,152,0.9851762652397156,0.9851762652397156,0.18111577379288263,3,9728,lesion_segmentation_context_3,False,0.0011613925,0,0,0,8,-5.16060209274292,9.793415069580078,N/A,N/A,-9.632197380065918,18.27928352355957,8,8,8,0.9851762652397156,1.0,1.0,0.18384098377442445,0.0,0.18111577379288263,False,False,False
conv40,conv,64,64,64,152,3,3,1,1,concat3,conv41,87616.0,358875136,,1061.58,376796,350208,18.0,4.0,6.0,152,2,5.0,,1,1,1,False,,False,combined (SPATIAL_W),1426.0484085083008,305.0370788574219,,8.0,0.0,4.0,0.9785149999999999,0,304,0.9435723688867357,0.43015828263014555,0.7644545303105599,43.0,14272,lesion_segmentation_context_3,False,0.0012249275,0,717225984,24576,8,-9.632197380065918,18.27928352355957,-0.24126583337783813,0.153855100274086,0.0,11.754783630371094,8,8,16,0.9594159695283786,1.0,1.0,0.8766743982557106,0.8888888888888888,0.8410954723879899,False,False,False
conv41,conv,64,64,64,64,3,3,1,1,conv40,resize4,36928.0,151257088.0,,1261.22,317152,294912.0,8,1,2,8,2,1,0.0,1,1,1,True,,False,,244.02967834472656,244.02967834472656,lesion_segmentation/conv41,4,0,1,0.98003,0,8,0.9316163659095764,0.10331954061985016,0.6876180931480083,8,4096,lesion_segmentation_context_3,False,0.0012546475,0,301989888.0,24576,8,0.0,11.754783630371094,-0.23039023578166962,0.3067862391471863,-5.45866060256958,11.726012229919434,8,8,16,0.9316163659095764,1.0,1.0,0.7380914701693305,1.0,0.6876180931480083,False,False,False
resize4,resize,64,64,64,64,,,,,conv41,concat4,0,0,,1185.44,337427,,1,1,1,64,0,2,1,,,,False,,False,,244.02967834472656,0.0,lesion_segmentation/resize4,0,0,1,1.0187499999999998,0,64,0.38844549655914307,0.38844549655914307,0.3050370930049011,2,8192,lesion_segmentation_context_3,False,0.00132001,0,0,0,8,-5.45866060256958,11.726012229919434,N/A,N/A,-5.45866060256958,11.726012229919434,8,8,8,0.38844549655914307,1.0,1.0,0.7852764305595636,0.0,0.3050370930049011,False,False,False
concat4,concat,128|128,128|128,80,64|16,,,,,resize4 conv2,conv42,0,0,,2407.27,166163,,1,1,1,80,0,2,1,,,,False,,False,,976.1187133789062,0.0,lesion_segmentation/concat4,0,0,1,1.0223675,0,80,0.9860197305679321,0.9860197305679321,0.3812963622556606,2,10240,lesion_segmentation_context_3,False,0.001330215,0,0,0,8,N/A,N/A,N/A,N/A,-7.868749141693115,16.90323829650879,8,8,8,0.9860197305679321,1.0,1.0,0.3867025683512842,0.0,0.3812963622556606,False,False,False
conv42,conv,128,128,32,80,3,3,1,1,concat4,conv43,23072.0,378011648,,1100.42,363499,276480,26.0,5.0,8.0,80,1,8.0,,1,1,1,False,,False,combined (SPATIAL_W),2928.3560943603516,610.0742034912109,,12.0,0.0,5.0,1.0404875,0,240,0.7794963511136862,0.3782866433262825,0.6282517828437485,94.0,12672,lesion_segmentation_context_3,False,0.0013601175,0,754974720,27648,8,-7.868749141693115,16.90323829650879,-0.17305301129817963,0.1940196007490158,0.0,8.304165840148926,8,8,16,0.7740675270427122,0.8888888905325282,1.0,0.8453936887128427,0.9230769230769231,0.5816817540750295,False,False,False
conv43,conv,128,128,32,32,3,3,1,1,conv42,resize5,9248.0,151519232.0,,1000.73,399708,294912.0,8,1,2,4,1,6,0.0,1,1,1,True,,False,,488.0593566894531,488.0593566894531,lesion_segmentation/conv43,4,0,1,1.0471,0,4,0.7404805421829224,0.16395969688892365,0.6888096509938549,6,4096,lesion_segmentation_context_3,False,0.00137834,0,301989888.0,24576,8,0.0,8.304165840148926,-0.20220524072647095,0.2594016492366791,0.0,10.90581226348877,8,8,16,0.7404805421829224,1.0,1.0,0.9302197853346117,1.0,0.6888096509938549,False,False,False
resize5,resize,128,128,32,32,,,,,conv43,conv44,0,0,,1180.07,338963,,3.0,3.0,3.0,32,0,6.0,,,,,False,,False,combined (SPATIAL_W),1952.2374267578125,0.0,,0.0,0.0,3.0,1.0569125000000001,0,32,0.5480212966601055,0.5480212966601055,0.4067161281445364,6.0,24576,lesion_segmentation_context_3,False,0.001406825,0,0,0,8,0.0,10.90581226348877,N/A,N/A,0.0,10.90581226348877,8,8,8,0,0,0,0,0.0,0,False,False,False
conv44,conv,256,256,16,32,3,3,1,1,resize5,conv45,4624.0,303038464,,995.72,401720,294912,18.0,6.0,10.0,32,1,17.0,,1,1,1,False,,False,combined (SPATIAL_W),4514.548965454102,1159.1409301757812,,8.0,0.0,6.0,1.0635225000000001,0,128,0.7528114020824432,0.3454772507150967,0.6694283436735489,24.0,10752,lesion_segmentation_context_3,False,0.0014271875,0,603979776,24576,8,0.0,10.90581226348877,-0.17557105422019958,0.18733587861061096,0.0,8.449055671691895,8,8,16,0.7377799601141373,1.0,1.0,0.9335610729864305,0.8888888888888888,0.6887631240982505,False,False,False
conv45,conv,256,256,16,16,3,3,1,1,conv44,conv46,2320.0,152043520,,930.9,429692,294912,10.0,4.0,6.0,16,1,7.0,,1,1,1,False,,False,combined (SPATIAL_W),2501.304168701172,1037.1260986328125,,4.0,0.0,4.0,1.07532,0,32,0.7353818356990813,0.5311590135097504,0.6158681114534967,42.0,10368,lesion_segmentation_context_3,False,0.001443925,0,301989888,24576,8,0.0,8.449055671691895,-0.38299426436424255,0.4381876289844513,0.0,9.824238777160645,8,8,16,0.691811008077149,1.0,1.0,0.9991055372628803,0.8,0.6911927619215268,False,False,False
conv46,conv,256,256,1,16,3,3,1,1,conv45,output_layer1,145.0,9502720,,940.11,425484,36864,6.0,4.0,6.0,16,1,7.0,,1,1,1,False,,False,combined (SPATIAL_W),2043.7485218048096,518.5630493164062,,2.0,0.0,4.0,1.0750525,0,32,0.7155685623486836,0.41323467530310154,0.5179896368349336,162.0,4480,lesion_segmentation_context_3,False,0.001453085,0,18874368,12288,8,0.0,9.824238777160645,-0.2826618254184723,0.23548874258995056,-11.560522079467773,16.250167846679688,8,8,16,0.698659147958816,1.0,0.125,0.9893124683162297,0.6666666666666666,0.08639909627049511,False,False,False
auto_reshape_from_input_layer1_to_normalization1,format_conversion,256,256,3,3,,,,,,,0,0,,6620.65,60417,,0,0,0,,0,0,1,1,,,False,,False,,254.89065551757812,0.0,,0,1,1,0.7471925,0,,0.0,0.0,0.0,2,768,lesion_segmentation_context_0,False,0.000747715,0,0,0,8,N/A,N/A,N/A,N/A,N/A,N/A,8,8,8,0.0,,,0.19581768150983514,0.0,,False,False,False
auto_reshape_from_conv46_sdc_to_output_layer1,format_conversion,256,256,1,1,,,,,,,0,0,,14467.07,27649,,0,0,0,,0,0,1,1,,,False,,False,,61.00741958618164,0.0,,0,1,1,1.0670025,0,,0.0,0.0,0.0,2,256,lesion_segmentation_context_3,False,0.0014533725,0,0,0,8,N/A,N/A,N/A,N/A,N/A,N/A,8,8,8,0.0,,,0.06434608975731454,0.0,,False,False,False
